ETF,overlap_share_of_benchmark,jaccard_overlap,high_sync_correlation
IWM,0.7315658657829329,0.5767472240365774,0.6644573322286659
QQQ,0.6155758077879039,0.4446439257929384,0.5194697597348797
SPY,0.5070422535211268,0.3396226415094339,0.3838028169014084
XLE,0.3728251864125932,0.2291242362525458,0.2160314830157417
XLF,0.463960231980116,0.3020496224379719,0.329950289975145
XLK,0.4937862468931234,0.3278327832783278,0.3672328086164042
XLV,0.4581607290803645,0.2971520687802257,0.3227009113504558
XLY,0.5352112676056338,0.3653846153846153,0.4190140845070423
